<?xml version="1.0" encoding="UTF-8"?>
<GenRun Id="impl_1" LaunchPart="xc7z020clg484-1" LaunchTime="1758434768">
  <File Type="PA-DCP" Name="item.dcp"/>
  <File Type="PA-TCL" Name="item.tcl"/>
  <File Type="REPORTS-TCL" Name="item_reports.tcl"/>
  <File Type="INIT-TIMING" Name="item_timing_summary_init.rpt"/>
  <File Type="OPT-DCP" Name="item_opt.dcp"/>
  <File Type="OPT-DRC" Name="item_drc_opted.rpt"/>
  <File Type="OPT-METHODOLOGY-DRC" Name="item_methodology_drc_opted.rpt"/>
  <File Type="OPT-HWDEF" Name="item.hwdef"/>
  <File Type="OPT-TIMING" Name="item_timing_summary_opted.rpt"/>
  <File Type="OPT-RQA-PB" Name="item_rqa_opted.pb"/>
  <File Type="PWROPT-DCP" Name="item_pwropt.dcp"/>
  <File Type="PWROPT-DRC" Name="item_drc_pwropted.rpt"/>
  <File Type="PWROPT-TIMING" Name="item_timing_summary_pwropted.rpt"/>
  <File Type="PLACE-DCP" Name="item_placed.dcp"/>
  <File Type="PLACE-IO" Name="item_io_placed.rpt"/>
  <File Type="PLACE-CLK" Name="item_clock_utilization_placed.rpt"/>
  <File Type="PLACE-UTIL" Name="item_utilization_placed.rpt"/>
  <File Type="PLACE-UTIL-PB" Name="item_utilization_placed.pb"/>
  <File Type="PLACE-CTRL" Name="item_control_sets_placed.rpt"/>
  <File Type="PLACE-SIMILARITY" Name="item_incremental_reuse_placed.rpt"/>
  <File Type="PLACE-PRE-SIMILARITY" Name="item_incremental_reuse_pre_placed.rpt"/>
  <File Type="PLACE-TIMING" Name="item_timing_summary_placed.rpt"/>
  <File Type="PLACE-RQA-PB" Name="item_rqa_placed.pb"/>
  <File Type="POSTPLACE-PWROPT-DCP" Name="item_postplace_pwropt.dcp"/>
  <File Type="POSTPLACE-PWROPT-TIMING" Name="item_timing_summary_postplace_pwropted.rpt"/>
  <File Type="PHYSOPT-DCP" Name="item_physopt.dcp"/>
  <File Type="PHYSOPT-DRC" Name="item_drc_physopted.rpt"/>
  <File Type="PHYSOPT-TIMING" Name="item_timing_summary_physopted.rpt"/>
  <File Type="ROUTE-ERROR-DCP" Name="item_routed_error.dcp"/>
  <File Type="ROUTE-DCP" Name="item_routed.dcp"/>
  <File Type="ROUTE-BLACKBOX-DCP" Name="item_routed_bb.dcp"/>
  <File Type="ROUTE-DRC" Name="item_drc_routed.rpt"/>
  <File Type="ROUTE-DRC-PB" Name="item_drc_routed.pb"/>
  <File Type="ROUTE-DRC-RPX" Name="item_drc_routed.rpx"/>
  <File Type="ROUTE-METHODOLOGY-DRC" Name="item_methodology_drc_routed.rpt"/>
  <File Type="ROUTE-METHODOLOGY-DRC-RPX" Name="item_methodology_drc_routed.rpx"/>
  <File Type="ROUTE-METHODOLOGY-DRC-PB" Name="item_methodology_drc_routed.pb"/>
  <File Type="ROUTE-PWR" Name="item_power_routed.rpt"/>
  <File Type="ROUTE-PWR-SUM" Name="item_power_summary_routed.pb"/>
  <File Type="ROUTE-PWR-RPX" Name="item_power_routed.rpx"/>
  <File Type="ROUTE-STATUS" Name="item_route_status.rpt"/>
  <File Type="ROUTE-STATUS-PB" Name="item_route_status.pb"/>
  <File Type="ROUTE-TIMINGSUMMARY" Name="item_timing_summary_routed.rpt"/>
  <File Type="ROUTE-TIMING-PB" Name="item_timing_summary_routed.pb"/>
  <File Type="ROUTE-TIMING-RPX" Name="item_timing_summary_routed.rpx"/>
  <File Type="ROUTE-SIMILARITY" Name="item_incremental_reuse_routed.rpt"/>
  <File Type="ROUTE-CLK" Name="item_clock_utilization_routed.rpt"/>
  <File Type="ROUTE-BUS-SKEW" Name="item_bus_skew_routed.rpt"/>
  <File Type="ROUTE-BUS-SKEW-PB" Name="item_bus_skew_routed.pb"/>
  <File Type="ROUTE-BUS-SKEW-RPX" Name="item_bus_skew_routed.rpx"/>
  <File Type="ROUTE-RQS-PB" Name="item_rqs_routed.pb"/>
  <File Type="POSTROUTE-PHYSOPT-DCP" Name="item_postroute_physopt.dcp"/>
  <File Type="POSTROUTE-PHYSOPT-BLACKBOX-DCP" Name="item_postroute_physopt_bb.dcp"/>
  <File Type="POSTROUTE-PHYSOPT-TIMING" Name="item_timing_summary_postroute_physopted.rpt"/>
  <File Type="POSTROUTE-PHYSOPT-TIMING-PB" Name="item_timing_summary_postroute_physopted.pb"/>
  <File Type="POSTROUTE-PHYSOPT-TIMING-RPX" Name="item_timing_summary_postroute_physopted.rpx"/>
  <File Type="POSTROUTE-PHYSOPT-BUS-SKEW" Name="item_bus_skew_postroute_physopted.rpt"/>
  <File Type="POSTROUTE-PHYSOPT-BUS-SKEW-PB" Name="item_bus_skew_postroute_physopted.pb"/>
  <File Type="POSTROUTE-PHYSOPT-BUS-SKEW-RPX" Name="item_bus_skew_postroute_physopted.rpx"/>
  <File Type="BG-BIT" Name="item.bit"/>
  <File Type="BG-BIN" Name="item.bin"/>
  <File Type="BITSTR-MSK" Name="item.msk"/>
  <File Type="BITSTR-RBT" Name="item.rbt"/>
  <File Type="BITSTR-NKY" Name="item.nky"/>
  <File Type="BITSTR-BMM" Name="item_bd.bmm"/>
  <File Type="BITSTR-MMI" Name="item.mmi"/>
  <File Type="PDI-FILE" Name="item.pdi"/>
  <File Type="BOOT-PDI-FILE" Name="item_boot.pdi"/>
  <File Type="PL-PDI-FILE" Name="item_pld.pdi"/>
  <File Type="RCFI_FILE" Name="item.rcfi"/>
  <File Type="CFI_FILE" Name="item.cfi"/>
  <File Type="RNPI_FILE" Name="item.rnpi"/>
  <File Type="NPI_FILE" Name="item.npi"/>
  <File Type="RBD_FILE" Name="item.rbd"/>
  <File Type="BITSTR-LTX" Name="debug_nets.ltx"/>
  <File Type="BITSTR-LTX" Name="item.ltx"/>
  <File Type="BITSTR-SYSDEF" Name="item.sysdef"/>
  <File Type="BG-BGN" Name="item.bgn"/>
  <File Type="BG-DRC" Name="item.drc"/>
  <File Type="RDI-RDI" Name="item.vdi"/>
  <File Type="WBT-USG" Name="usage_statistics_webtalk.html"/>
  <File Type="ROUTE-RQS" Name="item_routed.rqs"/>
  <File Type="POSTROUTE-PHYSOPT-RQS" Name="item_postroute_physopted.rqs"/>
  <File Type="ROUTE-RQS-RPT" Name="route_report_qor_suggestions_0.rpt"/>
  <File Type="POSTROUTE-PHYSOPT-RQS-RPT" Name="postroute_physopt_report_qor_suggestions_0.rpt"/>
  <FileSet Name="sources" Type="DesignSrcs" RelSrcDir="$PSRCDIR/sources_1" RelGenDir="$PGENDIR/sources_1">
    <Filter Type="Srcs"/>
    <File Path="$PSRCDIR/sources_1/new/item.v">
      <FileInfo>
        <Attr Name="UsedIn" Val="synthesis"/>
        <Attr Name="UsedIn" Val="implementation"/>
        <Attr Name="UsedIn" Val="simulation"/>
      </FileInfo>
    </File>
    <Config>
      <Option Name="DesignMode" Val="RTL"/>
      <Option Name="TopModule" Val="item"/>
      <Option Name="TopAutoSet" Val="TRUE"/>
    </Config>
  </FileSet>
  <FileSet Name="constrs_in" Type="Constrs" RelSrcDir="$PSRCDIR/constrs_1" RelGenDir="$PGENDIR/constrs_1">
    <Filter Type="Constrs"/>
    <File Path="$PSRCDIR/constrs_1/new/TIMMING.xdc">
      <FileInfo>
        <Attr Name="UsedIn" Val="synthesis"/>
        <Attr Name="UsedIn" Val="implementation"/>
      </FileInfo>
    </File>
    <Config>
      <Option Name="TargetConstrsFile" Val="$PSRCDIR/constrs_1/new/TIMMING.xdc"/>
      <Option Name="ConstrsType" Val="XDC"/>
    </Config>
  </FileSet>
  <FileSet Name="utils" Type="Utils" RelSrcDir="$PSRCDIR/utils_1" RelGenDir="$PGENDIR/utils_1">
    <Filter Type="Utils"/>
    <File Path="$PSRCDIR/utils_1/imports/synth_1/item.dcp">
      <FileInfo>
        <Attr Name="UsedIn" Val="synthesis"/>
        <Attr Name="UsedIn" Val="implementation"/>
        <Attr Name="UsedInSteps" Val="synth_1"/>
        <Attr Name="AutoDcp" Val="1"/>
      </FileInfo>
    </File>
    <Config>
      <Option Name="TopAutoSet" Val="TRUE"/>
    </Config>
  </FileSet>
  <Strategy Version="1" Minor="2">
    <StratHandle Name="Vivado Implementation Defaults" Flow="Vivado Implementation 2024"/>
    <Step Id="init_design"/>
    <Step Id="opt_design"/>
    <Step Id="power_opt_design"/>
    <Step Id="place_design"/>
    <Step Id="post_place_power_opt_design"/>
    <Step Id="phys_opt_design"/>
    <Step Id="route_design"/>
    <Step Id="post_route_phys_opt_design"/>
    <Step Id="write_bitstream"/>
  </Strategy>
</GenRun>
